{
  "samples": {
    "z_pos": [
      0.06460740740740742,
      0.12121481481481484,
      -1.0005037037037037
    ],
    "z_neg": [
      0.0808970588235294,
      0.06773529411764703,
      0.3817058823529414
    ],
    "y_pos": [
      0.10677941176470598,
      -0.6979338235294114,
      0.2441397058823527
    ],
    "y_neg": [
      0.10016176470588252,
      0.6479191176470588,
      -0.09014705882352934
    ],
    "x_pos": [
      0.8000147058823524,
      0.33766911764705887,
      -0.045308823529411735
    ],
    "x_neg": [
      1.0910441176470584,
      0.05512499999999998,
      -0.0037720588235294144
    ]
  },
  "offsets": {
    "x": 0.9455294117647054,
    "y": -0.025007352941176286,
    "z": -0.30939891067538117
  },
  "scales": {
    "x": -6.872157655381501,
    "y": -1.486046460805525,
    "z": -1.4469585656006563
  },
  "timestamp": 1756334368.7180479
}